{"cameraMode":{"drawMode":0,"name":"Shaded","section":"Shading Mode"},"sceneLighting":true,"audioPlay":false,"sceneViewState":{"showFog":true,"showMaterialUpdate":true,"showSkybox":true,"showFlares":true,"showImageEffects":true,"showParticleSystems":true},"in2DMode":false,"pivot":{"x":-22.949325561523439,"y":4.304346084594727,"z":28.439117431640626},"rotation":{"x":-0.08760888129472733,"y":-0.900706946849823,"z":0.3674057126045227,"w":-0.21471253037452699},"size":22.91166114807129,"orthographic":false}