{"cameraMode":{"drawMode":0,"name":"Shaded","section":"Shading Mode"},"sceneLighting":false,"audioPlay":false,"sceneViewState":{"showFog":true,"showMaterialUpdate":true,"showSkybox":false,"showFlares":true,"showImageEffects":true,"showParticleSystems":true},"in2DMode":false,"pivot":{"x":-0.24045491218566895,"y":5.935530185699463,"z":-0.5534195899963379},"rotation":{"x":-0.10745445638895035,"y":-0.8327423334121704,"z":0.1738344430923462,"w":-0.5145992636680603},"size":41.683528900146487,"orthographic":false}