{"cameraMode":{"drawMode":0,"name":"Shaded","section":"Shading Mode"},"sceneLighting":false,"audioPlay":false,"sceneViewState":{"showFog":true,"showMaterialUpdate":true,"showSkybox":false,"showFlares":true,"showImageEffects":true,"showParticleSystems":true},"in2DMode":false,"pivot":{"x":-0.5428304672241211,"y":4.692645072937012,"z":-0.5022697448730469},"rotation":{"x":-0.3016219437122345,"y":-0.5668696165084839,"z":0.23419739305973054,"w":-0.7299803495407105},"size":35.449302673339847,"orthographic":false}