{"cameraMode":{"drawMode":0,"name":"Shaded","section":"Shading Mode"},"sceneLighting":false,"audioPlay":false,"sceneViewState":{"showFog":true,"showMaterialUpdate":true,"showSkybox":false,"showFlares":true,"showImageEffects":true,"showParticleSystems":true},"in2DMode":false,"pivot":{"x":6.659076690673828,"y":23.533117294311525,"z":21.994739532470704},"rotation":{"x":0.0058082714676856998,"y":0.9252672791481018,"z":-0.014164838939905167,"w":0.37903982400894167},"size":53.274967193603519,"orthographic":false}