{"cameraMode":{"drawMode":0,"name":"Shaded","section":"Shading Mode"},"sceneLighting":true,"audioPlay":false,"sceneViewState":{"showFog":true,"showMaterialUpdate":false,"showSkybox":true,"showFlares":true,"showImageEffects":true,"showParticleSystems":true},"in2DMode":false,"pivot":{"x":-17.411466598510743,"y":4.602211952209473,"z":2.528799057006836},"rotation":{"x":0.002044024644419551,"y":-0.9944335222244263,"z":0.10360443592071533,"w":0.01968998834490776},"size":13.268308639526368,"orthographic":false}