{"cameraMode":{"drawMode":0,"name":"Shaded","section":"Shading Mode"},"sceneLighting":true,"audioPlay":false,"sceneViewState":{"showFog":true,"showMaterialUpdate":false,"showSkybox":true,"showFlares":true,"showImageEffects":true,"showParticleSystems":true},"in2DMode":false,"pivot":{"x":-11.866584777832032,"y":2.7765746116638185,"z":-1.1255970001220704},"rotation":{"x":0.02970147877931595,"y":0.959984302520752,"z":-0.11167033016681671,"w":0.2551637887954712},"size":9.458918571472168,"orthographic":false}