{"cameraMode":{"drawMode":0,"name":"Shaded","section":"Shading Mode"},"sceneLighting":true,"audioPlay":false,"sceneViewState":{"showFog":true,"showMaterialUpdate":false,"showSkybox":true,"showFlares":true,"showImageEffects":true,"showParticleSystems":true},"in2DMode":false,"pivot":{"x":-5.118132591247559,"y":6.575040817260742,"z":3.7605738639831545},"rotation":{"x":-0.019408537074923517,"y":0.1987214833498001,"z":-0.003961884416639805,"w":-0.9798771142959595},"size":7.390764236450195,"orthographic":false}