{"cameraMode":{"drawMode":0,"name":"Shaded","section":"Shading Mode"},"sceneLighting":true,"audioPlay":false,"sceneViewState":{"showFog":true,"showMaterialUpdate":false,"showSkybox":true,"showFlares":true,"showImageEffects":true,"showParticleSystems":true},"in2DMode":false,"pivot":{"x":60.89696502685547,"y":2.6320629119873049,"z":-6.055997848510742},"rotation":{"x":-0.0038518854416906835,"y":-0.7929171323776245,"z":0.004997439682483673,"w":-0.6093165874481201},"size":100.39720916748047,"orthographic":false}