{"cameraMode":{"drawMode":0,"name":"Shaded","section":"Shading Mode"},"sceneLighting":true,"audioPlay":false,"sceneViewState":{"showFog":true,"showMaterialUpdate":false,"showSkybox":true,"showFlares":true,"showImageEffects":true,"showParticleSystems":true},"in2DMode":false,"pivot":{"x":5.39344596862793,"y":1.3200480937957764,"z":-0.8608589172363281},"rotation":{"x":-0.021399281919002534,"y":0.8072546124458313,"z":-0.029324088245630266,"w":-0.5891000032424927},"size":13.386700630187989,"orthographic":false}