{"cameraMode":{"drawMode":0,"name":"Shaded","section":"Shading Mode"},"sceneLighting":true,"audioPlay":false,"sceneViewState":{"showFog":true,"showMaterialUpdate":false,"showSkybox":true,"showFlares":true,"showImageEffects":true,"showParticleSystems":true},"in2DMode":false,"pivot":{"x":-42.226654052734378,"y":4.386683464050293,"z":-36.26170349121094},"rotation":{"x":0.01148997899144888,"y":0.9826828241348267,"z":-0.17304717004299165,"w":0.06524837762117386},"size":63.408809661865237,"orthographic":false}