{"cameraMode":{"drawMode":0,"name":"Shaded","section":"Shading Mode"},"sceneLighting":false,"audioPlay":false,"sceneViewState":{"showFog":true,"showMaterialUpdate":false,"showSkybox":false,"showFlares":true,"showImageEffects":true,"showParticleSystems":true},"in2DMode":false,"pivot":{"x":-0.1628490686416626,"y":1.4077935218811036,"z":-0.15068095922470094},"rotation":{"x":0.06388282775878906,"y":0.8905653953552246,"z":-0.13214607536792756,"w":0.4305226802825928},"size":10.634790420532227,"orthographic":false}